e_dim,r_switch,r_cut,distance_encoding_type,features,num_passes,activation_fn,n_epochs,time_needed,test_rmse,test_mae,steps,val_rmses,best_val_rmse
12,4.0,10.0,none,"[64, 32, 32, 1]",2,relu,200,4.81,0.02733172,0.018848099,"[0, 10, 20, 30, 40, 50, 60, 70, 80, 90, 100, 110, 120, 130, 140, 150, 160, 170, 180, 190]","[0.12627261877059937, 0.030311765149235725, 0.027975603938102722, 0.027489181607961655, 0.027243180200457573, 0.026725731790065765, 0.028263283893465996, 0.02646780200302601, 0.026041634380817413, 0.026600366458296776, 0.026312362402677536, 0.026394544169306755, 0.0260654054582119, 0.02598653919994831, 0.025706753134727478, 0.026058780029416084, 0.025708135217428207, 0.025908883661031723, 0.026057621464133263, 0.029999224469065666]",0.0257067531347274
12,4.0,12.0,none,"[64, 32, 32, 1]",2,relu,200,1.33,0.027223958,0.019375753,"[0, 10, 20, 30, 40, 50, 60, 70, 80, 90, 100, 110, 120, 130, 140, 150, 160, 170, 180, 190]","[0.22523748874664307, 0.029278356581926346, 0.028969036415219307, 0.027228832244873047, 0.02770761214196682, 0.027747849002480507, 0.026674427092075348, 0.026950653642416, 0.027251092717051506, 0.026167234405875206, 0.0263056680560112, 0.026362573727965355, 0.027098551392555237, 0.028416216373443604, 0.02717561274766922, 0.02690759114921093, 0.026459338143467903, 0.02680964395403862, 0.02638973481953144, 0.026459654793143272]",0.0259919129312038
12,0.1,10.0,none,"[64, 32, 32, 1]",2,relu,200,1.31,0.026152398,0.017767506,"[0, 10, 20, 30, 40, 50, 60, 70, 80, 90, 100, 110, 120, 130, 140, 150, 160, 170, 180, 190]","[0.12637683749198914, 0.029229288920760155, 0.028253912925720215, 0.027181096374988556, 0.027030667290091515, 0.026702508330345154, 0.027439000084996223, 0.02735932171344757, 0.026482412591576576, 0.02636195905506611, 0.026339221745729446, 0.02723832055926323, 0.026516560465097427, 0.026020782068371773, 0.025847291573882103, 0.0260966494679451, 0.026087379083037376, 0.02638763189315796, 0.026426253840327263, 0.025920402258634567]",0.0256876870989799
12,0.1,10.0,none,"[64, 32, 32, 1]",3,relu,200,2.03,0.02672127,0.018557303,"[0, 10, 20, 30, 40, 50, 60, 70, 80, 90, 100, 110, 120, 130, 140, 150, 160, 170, 180, 190]","[0.19842785596847534, 0.03282010182738304, 0.030914271250367165, 0.029704255983233452, 0.028791023418307304, 0.028048312291502953, 0.026246296241879463, 0.029185941442847252, 0.028794052079319954, 0.026518626138567924, 0.02829951047897339, 0.02692202851176262, 0.028443660587072372, 0.028374720364809036, 0.027871154248714447, 0.02699415013194084, 0.026830274611711502, 0.026773663237690926, 0.02678886614739895, 0.02629554457962513]",0.0259972549974918
12,0.1,10.0,none,"[64, 4, 1]",2,relu,200,1.33,0.02693689,0.018980833,"[0, 10, 20, 30, 40, 50, 60, 70, 80, 90, 100, 110, 120, 130, 140, 150, 160, 170, 180, 190]","[0.31489261984825134, 0.0431845486164093, 0.03018171340227127, 0.02994583547115326, 0.02796316333115101, 0.02961650677025318, 0.028323976323008537, 0.028131932020187378, 0.02847866900265217, 0.027131834998726845, 0.026942452415823936, 0.026861974969506264, 0.02681182511150837, 0.026789048686623573, 0.026700934395194054, 0.02658287063241005, 0.026546284556388855, 0.02685115486383438, 0.026677167043089867, 0.02682347223162651]",0.0264543779194355
12,0.1,10.0,none,"[64, 4, 1]",3,relu,200,1.79,0.041786615,0.034617133,"[0, 10, 20, 30, 40, 50, 60, 70, 80, 90, 100, 110, 120, 130, 140, 150, 160, 170, 180, 190]","[0.31429076194763184, 0.05296080559492111, 0.05600724369287491, 0.047946326434612274, 0.038383785635232925, 0.04548037797212601, 0.049809787422418594, 0.02998775616288185, 0.056253790855407715, 0.04779741168022156, 0.041076790541410446, 0.0413433276116848, 0.04173929989337921, 0.04207717627286911, 0.042022526264190674, 0.042061056941747665, 0.04213879257440567, 0.04219157621264458, 0.04200993850827217, 0.04172235354781151]",0.0297462251037359
12,0.1,10.0,none,"[32, 16, 8, 1]",3,relu,200,5.02,0.026981633,0.0186718,"[0, 10, 20, 30, 40, 50, 60, 70, 80, 90, 100, 110, 120, 130, 140, 150, 160, 170, 180, 190]","[0.19690442085266113, 0.03645758330821991, 0.02967732772231102, 0.034142907708883286, 0.031757768243551254, 0.03141918033361435, 0.030640363693237305, 0.030324209481477737, 0.030658142641186714, 0.030177876353263855, 0.026929819956421852, 0.029508201405405998, 0.02690831571817398, 0.02651912346482277, 0.026243535801768303, 0.026147883385419846, 0.026075368747115135, 0.026077644899487495, 0.026043998077511787, 0.026037076488137245]",0.0260196700692176
12,0.1,10.0,none,"[64, 32, 16, 8, 1]",2,relu,200,5.1,0.025480922,0.0170043,"[0, 10, 20, 30, 40, 50, 60, 70, 80, 90, 100, 110, 120, 130, 140, 150, 160, 170, 180, 190]","[0.207866832613945, 0.03064536117017269, 0.027485912665724754, 0.026737090200185776, 0.026270318776369095, 0.02702907845377922, 0.026172881945967674, 0.026607975363731384, 0.02597218006849289, 0.02624463103711605, 0.025978241115808487, 0.02573062665760517, 0.026037141680717468, 0.025890391319990158, 0.02580650895833969, 0.025497814640402794, 0.026246359571814537, 0.025677232071757317, 0.025981729850172997, 0.02574186958372593]",0.0254572387784719
12,0.1,10.0,none,"[64, 64, 32, 1]",2,relu,200,1.46,0.02602092,0.017350465,"[0, 10, 20, 30, 40, 50, 60, 70, 80, 90, 100, 110, 120, 130, 140, 150, 160, 170, 180, 190]","[0.3690684735774994, 0.029998766258358955, 0.027782175689935684, 0.027114741504192352, 0.02697824127972126, 0.02754928171634674, 0.027268296107649803, 0.0270296111702919, 0.0263986736536026, 0.026556121185421944, 0.02587931975722313, 0.026085438206791878, 0.02650418132543564, 0.026276234537363052, 0.026004908606410027, 0.02580084279179573, 0.026576783508062363, 0.026222234591841698, 0.026145927608013153, 0.02606724575161934]",0.0257233045995235
12,0.1,10.0,none,"[64, 32, 16, 8, 4, 2, 1]",2,relu,200,1.9,0.025153365,0.016652342,"[0, 10, 20, 30, 40, 50, 60, 70, 80, 90, 100, 110, 120, 130, 140, 150, 160, 170, 180, 190]","[0.1609020084142685, 0.030307859182357788, 0.028020745143294334, 0.02724156342446804, 0.027296457439661026, 0.026170626282691956, 0.02662915363907814, 0.02593536674976349, 0.026048317551612854, 0.02618452161550522, 0.02561783604323864, 0.025596793740987778, 0.025491636246442795, 0.025619080290198326, 0.025546200573444366, 0.02529333531856537, 0.02527749352157116, 0.02561328001320362, 0.025385241955518723, 0.02529359981417656]",0.025188760831952
12,0.1,10.0,none,"[32, 32, 32, 16, 8, 1]",2,relu,200,4.81,0.02607244,0.017778013,"[0, 10, 20, 30, 40, 50, 60, 70, 80, 90, 100, 110, 120, 130, 140, 150, 160, 170, 180, 190]","[0.0822940394282341, 0.028118044137954712, 0.027034873142838478, 0.02642754465341568, 0.02731357514858246, 0.02575278840959072, 0.026145385578274727, 0.027487507089972496, 0.026308415457606316, 0.025632217526435852, 0.025556035339832306, 0.025720009580254555, 0.025669964030385017, 0.02695181407034397, 0.02552727609872818, 0.02566159889101982, 0.025610491633415222, 0.025711573660373688, 0.036880992352962494, 0.02641437202692032]",0.025422291830182
12,0.1,10.0,none,"[32, 8, 8, 8, 8, 8, 1]",2,relu,200,1.69,0.025530223,0.017109111,"[0, 10, 20, 30, 40, 50, 60, 70, 80, 90, 100, 110, 120, 130, 140, 150, 160, 170, 180, 190]","[0.18119613826274872, 0.02902710624039173, 0.02663308009505272, 0.0279372651129961, 0.02792263962328434, 0.02647843025624752, 0.02610734850168228, 0.026125822216272354, 0.025813687592744827, 0.02635478787124157, 0.02625865489244461, 0.025804921984672546, 0.025880714878439903, 0.025665387511253357, 0.025740468874573708, 0.025642849504947662, 0.02588828280568123, 0.02553396299481392, 0.02560003474354744, 0.025780929252505302]",0.0255193263292312
16,0.1,10.0,none,"[64, 32, 16, 8, 4, 2, 1]",2,relu,400,6.42,0.02582464,0.017531972,"[0, 10, 20, 30, 40, 50, 60, 70, 80, 90, 100, 110, 120, 130, 140, 150, 160, 170, 180, 190, 200, 210, 220, 230, 240, 250, 260, 270, 280, 290, 300, 310, 320, 330, 340, 350, 360, 370, 380, 390]","[0.15291978418827057, 0.030315322801470757, 0.027744358405470848, 0.026205480098724365, 0.026425911113619804, 0.02626831643283367, 0.0261196568608284, 0.02596200443804264, 0.02609439752995968, 0.026172596961259842, 0.026149211451411247, 0.026051584631204605, 0.025850916281342506, 0.02579573541879654, 0.026014136150479317, 0.026041528210043907, 0.02628771960735321, 0.026282109320163727, 0.026084059849381447, 0.02582492306828499, 0.02582510933279991, 0.025563005357980728, 0.025859877467155457, 0.025663426145911217, 0.02635972388088703, 0.02976270020008087, 0.02699914388358593, 0.026476657018065453, 0.02630322054028511, 0.02621825784444809, 0.026145193725824356, 0.026099523529410362, 0.02606467716395855, 0.02606482058763504, 0.026026062667369843, 0.02599099837243557, 0.02598264440894127, 0.025967899709939957, 0.025935087352991104, 0.02584635280072689]",0.0254899188876152
16,0.1,8.0,root,"[16, 8, 1]",4,relu,400,6.94,0.025959369,0.017387372,"[0, 10, 20, 30, 40, 50, 60, 70, 80, 90, 100, 110, 120, 130, 140, 150, 160, 170, 180, 190, 200, 210, 220, 230, 240, 250, 260, 270, 280, 290, 300, 310, 320, 330, 340, 350, 360, 370, 380, 390]","[0.10921443998813629, 0.03326636552810669, 0.031149134039878845, 0.02998293936252594, 0.030271967872977257, 0.030557818710803986, 0.029094835743308067, 0.02990974672138691, 0.02908036671578884, 0.028651617467403412, 0.028104539960622787, 0.02902269922196865, 0.028154900297522545, 0.028146272525191307, 0.027847053483128548, 0.027464615181088448, 0.027076872065663338, 0.027341192588210106, 0.027117086574435234, 0.02842029556632042, 0.027746180072426796, 0.027504736557602882, 0.02768073044717312, 0.02698971889913082, 0.02747555449604988, 0.026548994705080986, 0.028025630861520767, 0.026191942393779755, 0.026327205821871758, 0.026871150359511375, 0.04481274262070656, 0.02675318904221058, 0.02650965377688408, 0.026440998539328575, 0.02645270898938179, 0.026442134752869606, 0.026378208771348, 0.02636902406811714, 0.026307256892323494, 0.026256930083036423]",0.0261285305023193
16,0.1,8.0,root,"[16, 8, 1]",5,relu,400,4.7,0.027111854,0.019003585,"[0, 10, 20, 30, 40, 50, 60, 70, 80, 90, 100, 110, 120, 130, 140, 150, 160, 170, 180, 190, 200, 210, 220, 230, 240, 250, 260, 270, 280, 290, 300, 310, 320, 330, 340, 350, 360, 370, 380, 390]","[0.21649031341075897, 0.03896178677678108, 0.03750185668468475, 0.032058633863925934, 0.033918965607881546, 0.03617681935429573, 0.03598411753773689, 0.03203156590461731, 0.03145153447985649, 0.031515274196863174, 0.03104601614177227, 0.031047577038407326, 0.03681498393416405, 0.03184647485613823, 0.030086953192949295, 0.029614904895424843, 0.029371369630098343, 0.02901148796081543, 0.028527069836854935, 0.028589967638254166, 0.028689829632639885, 0.028335358947515488, 0.028190404176712036, 0.028295466676354408, 0.026470797136425972, 0.026840051636099815, 0.026539133861660957, 0.026600422337651253, 0.0267031230032444, 0.026516981422901154, 0.026411324739456177, 0.02640770561993122, 0.026394106447696686, 0.026358453556895256, 0.02629012055695057, 0.026403700932860374, 0.02632942982017994, 0.026102719828486443, 0.026041846722364426, 0.02605178952217102]",0.026001863181591
16,0.1,8.0,root,"[64, 32, 16, 8, 4, 2, 1]",1,relu,200,2.53,0.030201282,0.022029854,"[0, 10, 20, 30, 40, 50, 60, 70, 80, 90, 100, 110, 120, 130, 140, 150, 160, 170, 180, 190]","[0.19085118174552917, 0.03502170741558075, 0.031228138133883476, 0.037541233003139496, 0.02715354599058628, 0.03765920549631119, 0.030094726011157036, 0.033669255673885345, 0.026191409677267075, 0.027721641585230827, 0.027347370982170105, 0.033289384096860886, 0.027912594377994537, 0.026815293356776237, 0.03121178224682808, 0.0306140948086977, 0.030406558886170387, 0.03062506765127182, 0.03058953396975994, 0.030220283195376396]",0.0257825870066881
16,0.1,8.0,root,"[64, 32, 16, 8, 4, 2, 1]",2,relu,200,5.37,0.0441316738724708,0.0196172632277011,"[0, 10, 20, 30, 40, 50, 60, 70, 80, 90, 100, 110, 120, 130, 140, 150, 160, 170, 180, 190]","[0.17512576282024384, 0.055506542325019836, 0.04979247599840164, 0.051558397710323334, 0.048301465809345245, 0.050787366926670074, 0.048842381685972214, 0.05401594564318657, 0.050191886723041534, 0.04966931417584419, 0.0495392307639122, 0.04721783846616745, 0.04674672335386276, 0.047971367835998535, 0.04533657431602478, 0.044024694710969925, 0.04369661957025528, 0.04266451671719551, 0.042181823402643204, 0.04268573969602585]",0.0417438857257366
12,0.1,8.0,root,"[8, 4, 2, 1]",2,relu,30,1.14,0.0549502484500408,0.0252264030277729,"[0, 10, 20]","[0.295906126499176, 0.07532233744859695, 0.052640821784734726]",0.0470171682536602
16,0.1,8.0,root,"[64, 64, 32, 16, 8, 4, 2, 1]",2,relu,200,5.78,0.048034027,0.021148758,"[0, 1, 2, 3, 4, 5, 6, 7, 8, 9, 10, 20, 30, 40, 50, 60, 70, 80, 90, 100, 110, 120, 130, 140, 150, 160, 170, 180, 190]","[0.41297054290771484, 0.3916720747947693, 0.36884498596191406, 0.34461498260498047, 0.32358402013778687, 0.3050414025783539, 0.28703463077545166, 0.2684997320175171, 0.24823810160160065, 0.22554974257946014, 0.19976919889450073, 0.09067738056182861, 0.0719795674085617, 0.058049749583005905, 0.05400734394788742, 0.05120490491390228, 0.05021563917398453, 0.04948239400982857, 0.04886253923177719, 0.048409171402454376, 0.048065606504678726, 0.0476851612329483, 0.04739569127559662, 0.04697565734386444, 0.046724315732717514, 0.04645220562815666, 0.046424370259046555, 0.04627362638711929, 0.04597582295536995]",0.0458378791809082
16,0.1,8.0,root,"[64, 32, 16, 8, 4, 2, 1]",2,relu,500,3.71,0.045985308,0.018810885,"[0, 1, 2, 3, 4, 5, 6, 7, 8, 9, 10, 20, 30, 40, 50, 60, 70, 80, 90, 100, 110, 120, 130, 140, 150, 160, 170, 180, 190, 200, 210, 220, 230, 240, 250, 260, 270, 280, 290, 300, 310, 320, 330, 340, 350, 360, 370, 380, 390, 400, 410, 420, 430, 440, 450, 460, 470, 480, 490]","[0.4107714593410492, 0.374337762594223, 0.32729968428611755, 0.2755275368690491, 0.2175220102071762, 0.16322146356105804, 0.1226075291633606, 0.10808132588863373, 0.10070116817951202, 0.09459156543016434, 0.08896855264902115, 0.0578664131462574, 0.053248800337314606, 0.051423653960227966, 0.050531256943941116, 0.04993205890059471, 0.049460895359516144, 0.0491083562374115, 0.04890875145792961, 0.04852636158466339, 0.04826439544558525, 0.04811303690075874, 0.047912925481796265, 0.047650571912527084, 0.047508493065834045, 0.04720716550946236, 0.04711247980594635, 0.046924710273742676, 0.046682242304086685, 0.046564653515815735, 0.04638473317027092, 0.04625549167394638, 0.046082306653261185, 0.04591258242726326, 0.045655179768800735, 0.045492302626371384, 0.0453650988638401, 0.045184168964624405, 0.045043203979730606, 0.04487015679478645, 0.04462139680981636, 0.044435832649469376, 0.04438168182969093, 0.04414959251880646, 0.04409720003604889, 0.04387158155441284, 0.04391293600201607, 0.0435069315135479, 0.04355667531490326, 0.043402299284935, 0.043130312114953995, 0.04319111257791519, 0.04287217929959297, 0.04288264364004135, 0.04288345202803612, 0.0426449291408062, 0.04258737713098526, 0.042400944977998734, 0.04234796017408371]",0.0422157198190689
16,0.1,8.0,root,"[64, 32, 16, 8, 4, 2, 1]",2,relu,3000,23.04,0.03481657,0.017894972,"[0, 1, 2, 3, 4, 5, 6, 7, 8, 9, 10, 20, 30, 40, 50, 60, 70, 80, 90, 100, 110, 120, 130, 140, 150, 160, 170, 180, 190, 200, 210, 220, 230, 240, 250, 260, 270, 280, 290, 300, 310, 320, 330, 340, 350, 360, 370, 380, 390, 400, 410, 420, 430, 440, 450, 460, 470, 480, 490, 500, 510, 520, 530, 540, 550, 560, 570, 580, 590, 600, 610, 620, 630, 640, 650, 660, 670, 680, 690, 700, 710, 720, 730, 740, 750, 760, 770, 780, 790, 800, 810, 820, 830, 840, 850, 860, 870, 880, 890, 900, 910, 920, 930, 940, 950, 960, 970, 980, 990, 1000, 1010, 1020, 1030, 1040, 1050, 1060, 1070, 1080, 1090, 1100, 1110, 1120, 1130, 1140, 1150, 1160, 1170, 1180, 1190, 1200, 1210, 1220, 1230, 1240, 1250, 1260, 1270, 1280, 1290, 1300, 1310, 1320, 1330, 1340, 1350, 1360, 1370, 1380, 1390, 1400, 1410, 1420, 1430, 1440, 1450, 1460, 1470, 1480, 1490, 1500, 1510, 1520, 1530, 1540, 1550, 1560, 1570, 1580, 1590, 1600, 1610, 1620, 1630, 1640, 1650, 1660, 1670, 1680, 1690, 1700, 1710, 1720, 1730, 1740, 1750, 1760, 1770, 1780, 1790, 1800, 1810, 1820, 1830, 1840, 1850, 1860, 1870, 1880, 1890, 1900, 1910, 1920, 1930, 1940, 1950, 1960, 1970, 1980, 1990, 2000, 2010, 2020, 2030, 2040, 2050, 2060, 2070, 2080, 2090, 2100, 2110, 2120, 2130, 2140, 2150, 2160, 2170, 2180, 2190, 2200, 2210, 2220, 2230, 2240, 2250, 2260, 2270, 2280, 2290, 2300, 2310, 2320, 2330, 2340, 2350, 2360, 2370, 2380, 2390, 2400, 2410, 2420, 2430, 2440, 2450, 2460, 2470, 2480, 2490, 2500, 2510, 2520, 2530, 2540, 2550, 2560, 2570, 2580, 2590, 2600, 2610, 2620, 2630, 2640, 2650, 2660, 2670, 2680, 2690, 2700, 2710, 2720, 2730, 2740, 2750, 2760, 2770, 2780, 2790, 2800, 2810, 2820, 2830, 2840, 2850, 2860, 2870, 2880, 2890, 2900, 2910, 2920, 2930, 2940, 2950, 2960, 2970, 2980, 2990]","[0.41077151894569397, 0.3743373453617096, 0.3272991478443146, 0.2755263149738312, 0.21751999855041504, 0.16322065889835358, 0.12260640412569046, 0.10808288305997849, 0.10070309787988663, 0.09460822492837906, 0.08897370100021362, 0.057883527129888535, 0.05325328931212425, 0.051422785967588425, 0.050622615963220596, 0.04996991157531738, 0.049486324191093445, 0.049192558974027634, 0.04884445294737816, 0.048586007207632065, 0.04836506396532059, 0.04812391474843025, 0.04786991328001022, 0.04760141670703888, 0.04742266610264778, 0.04720926657319069, 0.04702858626842499, 0.04689301922917366, 0.04660139977931976, 0.046444639563560486, 0.046329375356435776, 0.046161431819200516, 0.045983683317899704, 0.04578382894396782, 0.04571383446455002, 0.045480843633413315, 0.04530789703130722, 0.04515717178583145, 0.04492597654461861, 0.04488620162010193, 0.04459662362933159, 0.044396597892045975, 0.04423714429140091, 0.04412303864955902, 0.044001076370477676, 0.04393326863646507, 0.04372497275471687, 0.0437818206846714, 0.043506186455488205, 0.043399300426244736, 0.043192800134420395, 0.04313962534070015, 0.042949434369802475, 0.04283898323774338, 0.04288030043244362, 0.042707305401563644, 0.04259089007973671, 0.04250076413154602, 0.04226711019873619, 0.042157579213380814, 0.042108096182346344, 0.042154401540756226, 0.04167813062667847, 0.04207640141248703, 0.041651997715234756, 0.041817497462034225, 0.041531164199113846, 0.041656848043203354, 0.041498295962810516, 0.041197896003723145, 0.04161268472671509, 0.04140767455101013, 0.040967438369989395, 0.0412047877907753, 0.04119519516825676, 0.040830329060554504, 0.04145783558487892, 0.04099563881754875, 0.040553104132413864, 0.04073562100529671, 0.04080728068947792, 0.04065289720892906, 0.040608618408441544, 0.040580447763204575, 0.04056204482913017, 0.04048231989145279, 0.04025787487626076, 0.04025144502520561, 0.0414937362074852, 0.040449488908052444, 0.04063253104686737, 0.040491871535778046, 0.04036811739206314, 0.03992468863725662, 0.039708398282527924, 0.04032779112458229, 0.040293432772159576, 0.040207985788583755, 0.040166810154914856, 0.040195293724536896, 0.040030088275671005, 0.03996095433831215, 0.03994289040565491, 0.03978107497096062, 0.039818115532398224, 0.03973622992634773, 0.03970910981297493, 0.03983603045344353, 0.039510589092969894, 0.039528701454401016, 0.039454542100429535, 0.0393776074051857, 0.03933209180831909, 0.03936056047677994, 0.039628833532333374, 0.039248090237379074, 0.039157312363386154, 0.03914714232087135, 0.039113063365221024, 0.03907075151801109, 0.038951244205236435, 0.03901072219014168, 0.038997940719127655, 0.0388796329498291, 0.03886781632900238, 0.03884562849998474, 0.03879960626363754, 0.03884226083755493, 0.03905368223786354, 0.039071738719940186, 0.0390545129776001, 0.03896482661366463, 0.038956962525844574, 0.03884882479906082, 0.03901217132806778, 0.03898744285106659, 0.03904205560684204, 0.039122842252254486, 0.03904492408037186, 0.0391155406832695, 0.03905155882239342, 0.038827214390039444, 0.03878530487418175, 0.03876132145524025, 0.03881917893886566, 0.03867093473672867, 0.03878514841198921, 0.0388224795460701, 0.0388040691614151, 0.03886161744594574, 0.03901379927992821, 0.03900161385536194, 0.03888543322682381, 0.03881817311048508, 0.03901572898030281, 0.03868021443486214, 0.03887168690562248, 0.03876112401485443, 0.03872193396091461, 0.038677990436553955, 0.038769107311964035, 0.03870536759495735, 0.038752052932977676, 0.03889264166355133, 0.03924533352255821, 0.03910571336746216, 0.03914894163608551, 0.03892301023006439, 0.03867284581065178, 0.03930285945534706, 0.03876756876707077, 0.03876862674951553, 0.0392303466796875, 0.03911123424768448, 0.038700319826602936, 0.039411697536706924, 0.039238397032022476, 0.03864150121808052, 0.039384372532367706, 0.03856858238577843, 0.03946346417069435, 0.03878474235534668, 0.03904859349131584, 0.03872618079185486, 0.03925256058573723, 0.038646090775728226, 0.039106301963329315, 0.03893131762742996, 0.0393560566008091, 0.03927169740200043, 0.03862676024436951, 0.039254795759916306, 0.03919592127203941, 0.03879478946328163, 0.03910813853144646, 0.03946222364902496, 0.03885762766003609, 0.03950171172618866, 0.03966464847326279, 0.03869254142045975, 0.03970416635274887, 0.03880373015999794, 0.03868987783789635, 0.03920990228652954, 0.03913205489516258, 0.03849135711789131, 0.038821518421173096, 0.038753245025873184, 0.03927982226014137, 0.03918690234422684, 0.039448656141757965, 0.039200346916913986, 0.03865000233054161, 0.03887146711349487, 0.03896256908774376, 0.03892187774181366, 0.03897104784846306, 0.03904999792575836, 0.038994334638118744, 0.03893677517771721, 0.03890372812747955, 0.03883921355009079, 0.03926609084010124, 0.04013577103614807, 0.039904579520225525, 0.040010105818510056, 0.03923799842596054, 0.03924357146024704, 0.03912278637290001, 0.03908239305019379, 0.038971614092588425, 0.03900086134672165, 0.038973502814769745, 0.03893101215362549, 0.03875771537423134, 0.03895144164562225, 0.038851041346788406, 0.038689251989126205, 0.038922276347875595, 0.03923630341887474, 0.03900914266705513, 0.03853555768728256, 0.038986578583717346, 0.039118364453315735, 0.03875363618135452, 0.03869129344820976, 0.038573991507291794, 0.03867793455719948, 0.03882656991481781, 0.03932823985815048, 0.03934361785650253, 0.039076317101716995, 0.03888355940580368, 0.03856034576892853, 0.03857556730508804, 0.03902111575007439, 0.03893091529607773, 0.03900763392448425, 0.038821376860141754, 0.038737282156944275, 0.03891007602214813, 0.0387532003223896, 0.03875013440847397, 0.039681196212768555, 0.0388258695602417, 0.039772868156433105, 0.03898864984512329, 0.039121195673942566, 0.03936760127544403, 0.03965501859784126, 0.0395796000957489, 0.038735609501600266, 0.039045389741659164, 0.03904768452048302, 0.03910296410322189, 0.038878828287124634, 0.039515621960163116, 0.038712553679943085, 0.039601881057024, 0.03900685906410217, 0.03903248906135559, 0.038782816380262375, 0.03911504149436951, 0.03923282399773598, 0.0390564389526844, 0.03911600634455681, 0.039470285177230835, 0.03882037475705147, 0.03902581334114075, 0.0391765758395195, 0.03898834437131882, 0.03910578042268753, 0.03900662809610367, 0.039155714213848114, 0.038839634507894516, 0.03880467638373375, 0.03942026570439339, 0.039541322737932205, 0.039032794535160065, 0.039419256150722504, 0.03867405652999878, 0.039285965263843536, 0.03940910845994949, 0.03941287100315094, 0.0392153225839138, 0.03983374685049057, 0.039656057953834534, 0.039550863206386566, 0.03942646458745003]",0.0381134301424026
16,0.1,8.0,root,"[64, 32, 16, 8, 4, 2, 1]",2,relu,4000,31.05,0.031155778,0.015548663,"[0, 1, 2, 3, 4, 5, 6, 7, 8, 9, 10, 20, 30, 40, 50, 60, 70, 80, 90, 100, 110, 120, 130, 140, 150, 160, 170, 180, 190, 200, 210, 220, 230, 240, 250, 260, 270, 280, 290, 300, 310, 320, 330, 340, 350, 360, 370, 380, 390, 400, 410, 420, 430, 440, 450, 460, 470, 480, 490, 500, 510, 520, 530, 540, 550, 560, 570, 580, 590, 600, 610, 620, 630, 640, 650, 660, 670, 680, 690, 700, 710, 720, 730, 740, 750, 760, 770, 780, 790, 800, 810, 820, 830, 840, 850, 860, 870, 880, 890, 900, 910, 920, 930, 940, 950, 960, 970, 980, 990, 1000, 1010, 1020, 1030, 1040, 1050, 1060, 1070, 1080, 1090, 1100, 1110, 1120, 1130, 1140, 1150, 1160, 1170, 1180, 1190, 1200, 1210, 1220, 1230, 1240, 1250, 1260, 1270, 1280, 1290, 1300, 1310, 1320, 1330, 1340, 1350, 1360, 1370, 1380, 1390, 1400, 1410, 1420, 1430, 1440, 1450, 1460, 1470, 1480, 1490, 1500, 1510, 1520, 1530, 1540, 1550, 1560, 1570, 1580, 1590, 1600, 1610, 1620, 1630, 1640, 1650, 1660, 1670, 1680, 1690, 1700, 1710, 1720, 1730, 1740, 1750, 1760, 1770, 1780, 1790, 1800, 1810, 1820, 1830, 1840, 1850, 1860, 1870, 1880, 1890, 1900, 1910, 1920, 1930, 1940, 1950, 1960, 1970, 1980, 1990, 2000, 2010, 2020, 2030, 2040, 2050, 2060, 2070, 2080, 2090, 2100, 2110, 2120, 2130, 2140, 2150, 2160, 2170, 2180, 2190, 2200, 2210, 2220, 2230, 2240, 2250, 2260, 2270, 2280, 2290, 2300, 2310, 2320, 2330, 2340, 2350, 2360, 2370, 2380, 2390, 2400, 2410, 2420, 2430, 2440, 2450, 2460, 2470, 2480, 2490, 2500, 2510, 2520, 2530, 2540, 2550, 2560, 2570, 2580, 2590, 2600, 2610, 2620, 2630, 2640, 2650, 2660, 2670, 2680, 2690, 2700, 2710, 2720, 2730, 2740, 2750, 2760, 2770, 2780, 2790, 2800, 2810, 2820, 2830, 2840, 2850, 2860, 2870, 2880, 2890, 2900, 2910, 2920, 2930, 2940, 2950, 2960, 2970, 2980, 2990, 3000, 3010, 3020, 3030, 3040, 3050, 3060, 3070, 3080, 3090, 3100, 3110, 3120, 3130, 3140, 3150, 3160, 3170, 3180, 3190, 3200, 3210, 3220, 3230, 3240, 3250, 3260, 3270, 3280, 3290, 3300, 3310, 3320, 3330, 3340, 3350, 3360, 3370, 3380, 3390, 3400, 3410, 3420, 3430, 3440, 3450, 3460, 3470, 3480, 3490, 3500, 3510, 3520, 3530, 3540, 3550, 3560, 3570, 3580, 3590, 3600, 3610, 3620, 3630, 3640, 3650, 3660, 3670, 3680, 3690, 3700, 3710, 3720, 3730, 3740, 3750, 3760, 3770, 3780, 3790, 3800, 3810, 3820, 3830, 3840, 3850, 3860, 3870, 3880, 3890, 3900, 3910, 3920, 3930, 3940, 3950, 3960, 3970, 3980, 3990]","[0.17513200640678406, 0.1123669221997261, 0.09340697526931763, 0.07825256139039993, 0.06768947839736938, 0.0608927384018898, 0.05858626589179039, 0.05795508250594139, 0.05445440486073494, 0.05371181294322014, 0.05528941750526428, 0.04915478825569153, 0.04944606497883797, 0.05558673292398453, 0.05252687260508537, 0.05167922377586365, 0.051595289260149, 0.05051339790225029, 0.0502217598259449, 0.04852285236120224, 0.04902447387576103, 0.04857002943754196, 0.047868385910987854, 0.04975157603621483, 0.047406092286109924, 0.04675339162349701, 0.04639868438243866, 0.04514003545045853, 0.04455758258700371, 0.04532315954566002, 0.04417003318667412, 0.04396171122789383, 0.04277321696281433, 0.042627863585948944, 0.042628057301044464, 0.041278354823589325, 0.04055766761302948, 0.041163671761751175, 0.041495181620121, 0.04283929988741875, 0.04032382369041443, 0.03996903821825981, 0.040029533207416534, 0.03991541266441345, 0.0398428775370121, 0.04001794755458832, 0.039348650723695755, 0.0390932597219944, 0.03975992649793625, 0.03897961601614952, 0.03904591500759125, 0.03930449113249779, 0.03891722112894058, 0.03878224268555641, 0.03913077712059021, 0.03906543180346489, 0.03860224410891533, 0.038748692721128464, 0.039118360728025436, 0.038719598203897476, 0.0391690768301487, 0.03806613013148308, 0.038279127329587936, 0.03790664300322533, 0.03771251067519188, 0.03839335963129997, 0.03771097958087921, 0.0380723662674427, 0.0380241721868515, 0.03718259930610657, 0.03716602921485901, 0.03740125149488449, 0.03678933531045914, 0.036584414541721344, 0.037421222776174545, 0.03708459809422493, 0.037312477827072144, 0.03781548887491226, 0.03794987499713898, 0.03804302588105202, 0.03804997354745865, 0.037161920219659805, 0.037362657487392426, 0.03651018068194389, 0.03778895363211632, 0.037843968719244, 0.036814767867326736, 0.03743037208914757, 0.037206992506980896, 0.036453720182180405, 0.03693488612771034, 0.03901863098144531, 0.037441495805978775, 0.03660524636507034, 0.03653175011277199, 0.036511704325675964, 0.03624139726161957, 0.03619687259197235, 0.03689531236886978, 0.036805398762226105, 0.037005845457315445, 0.03661327809095383, 0.03661191463470459, 0.036564234644174576, 0.03551236167550087, 0.0362478569149971, 0.03618194907903671, 0.03634696081280708, 0.0366373211145401, 0.03691427782177925, 0.03667683154344559, 0.036380164325237274, 0.03626459836959839, 0.035978373140096664, 0.03651774302124977, 0.036597177386283875, 0.0375901460647583, 0.03670228272676468, 0.03745104372501373, 0.036527469754219055, 0.03676264360547066, 0.036104362457990646, 0.03599051758646965, 0.035700585693120956, 0.03576686605811119, 0.0365942157804966, 0.036671411246061325, 0.03540389612317085, 0.03638951852917671, 0.035365596413612366, 0.036321062594652176, 0.03664513677358627, 0.036165088415145874, 0.03678905591368675, 0.03670978918671608, 0.03718141093850136, 0.03705420717597008, 0.03715081885457039, 0.03733687475323677, 0.03725737705826759, 0.03648686781525612, 0.036602556705474854, 0.03699364513158798, 0.03657560050487518, 0.03638866916298866, 0.03678311035037041, 0.03601737692952156, 0.037364084273576736, 0.035985980182886124, 0.03595387935638428, 0.036035068333148956, 0.039252474904060364, 0.03651075065135956, 0.03597801923751831, 0.03576603904366493, 0.03638293221592903, 0.03587093576788902, 0.03641805425286293, 0.03653494641184807, 0.03700447455048561, 0.03722130507230759, 0.03666043281555176, 0.03659328073263168, 0.03587587550282478, 0.03654240816831589, 0.03609330207109451, 0.03612697869539261, 0.035946790128946304, 0.03585956245660782, 0.03655661270022392, 0.03628365695476532, 0.037095993757247925, 0.036018501967191696, 0.036176349967718124, 0.03576652705669403, 0.0364789254963398, 0.036636751145124435, 0.03692861646413803, 0.03613797575235367, 0.036207571625709534, 0.03704453259706497, 0.036722637712955475, 0.03672276809811592, 0.038123954087495804, 0.036172881722450256, 0.03801118955016136, 0.036086536943912506, 0.03621410205960274, 0.03569573909044266, 0.036053769290447235, 0.03617453575134277, 0.0365167073905468, 0.03708508238196373, 0.03672437369823456, 0.03763134032487869, 0.03755463659763336, 0.037334419786930084, 0.03701265528798103, 0.03562062606215477, 0.03625361993908882, 0.03620627522468567, 0.035834722220897675, 0.03676775097846985, 0.03699393570423126, 0.037121959030628204, 0.03716208040714264, 0.036961812525987625, 0.0366513729095459, 0.036619655787944794, 0.037614062428474426, 0.0370573066174984, 0.0363914929330349, 0.037043310701847076, 0.03639272600412369, 0.03738696128129959, 0.0369575060904026, 0.037563905119895935, 0.036987703293561935, 0.036043889820575714, 0.03722919896245003, 0.03701276704668999, 0.03598576784133911, 0.03733839467167854, 0.037179380655288696, 0.03724540024995804, 0.03805345669388771, 0.03508450835943222, 0.036219678819179535, 0.03670724853873253, 0.03570915758609772, 0.03540530800819397, 0.03541469946503639, 0.036256708204746246, 0.03643031790852547, 0.036346010863780975, 0.03582869842648506, 0.03715335950255394, 0.03732627257704735, 0.03652510046958923, 0.0375947542488575, 0.0368385873734951, 0.03635101020336151, 0.03724995627999306, 0.036865852773189545, 0.03728330507874489, 0.03796835616230965, 0.03650231659412384, 0.03684838116168976, 0.03738219290971756, 0.03684495389461517, 0.03713283687829971, 0.03627358376979828, 0.03508961200714111, 0.03502024710178375, 0.03592655807733536, 0.035542067140340805, 0.035457149147987366, 0.03595485910773277, 0.03635689616203308, 0.03501054644584656, 0.03534453734755516, 0.035129595547914505, 0.034795816987752914, 0.03542119264602661, 0.03546227514743805, 0.03553752973675728, 0.03532082214951515, 0.03547225892543793, 0.03506719693541527, 0.03599404916167259, 0.03544732183218002, 0.03563549369573593, 0.03510810062289238, 0.035298898816108704, 0.03554138168692589, 0.0359513983130455, 0.03592187911272049, 0.036948248744010925, 0.03462953865528107, 0.035049308091402054, 0.03485337272286415, 0.03662930428981781, 0.03509432449936867, 0.036939941346645355, 0.035705871880054474, 0.03580264747142792, 0.03570627048611641, 0.034990519285202026, 0.03552314266562462, 0.03556205704808235, 0.03488814830780029, 0.03672010079026222, 0.03507741540670395, 0.035437457263469696, 0.0351136177778244, 0.03520428016781807, 0.03556828573346138, 0.036403849720954895, 0.03520701453089714, 0.03508743271231651, 0.034842826426029205, 0.035432420670986176, 0.03503936529159546, 0.03654269874095917, 0.03560211881995201, 0.03582792356610298, 0.03622670844197273, 0.0353502556681633, 0.03471272066235542, 0.03477468714118004, 0.03471679985523224, 0.0353415422141552, 0.03664132207632065, 0.03586304932832718, 0.03508903831243515, 0.035560738295316696, 0.03537171334028244, 0.03562212362885475, 0.03517264500260353, 0.03494739159941673, 0.03570017218589783, 0.035827670246362686, 0.03557519242167473, 0.03550051525235176, 0.03502477705478668, 0.03568188101053238, 0.034503135830163956, 0.0357593335211277, 0.0351375974714756, 0.035277169197797775, 0.03509661927819252, 0.034976910799741745, 0.03503308817744255, 0.03515172377228737, 0.03540845587849617, 0.03535383939743042, 0.03514110669493675, 0.0357154980301857, 0.0354018434882164, 0.03575525060296059, 0.03511190041899681, 0.035616256296634674, 0.035777829587459564, 0.03518378734588623, 0.03505371883511543, 0.03548646718263626, 0.03564603626728058, 0.03582390770316124, 0.03630317747592926, 0.03597021475434303, 0.03541652858257294, 0.035809796303510666, 0.0355471670627594, 0.03538066893815994, 0.035606615245342255, 0.03565455228090286, 0.035932645201683044, 0.03575136885046959, 0.03549328073859215, 0.03565963730216026, 0.0357494056224823, 0.03567760810256004, 0.03619483858346939, 0.03585687279701233, 0.03554899990558624, 0.03598294034600258, 0.035901475697755814, 0.03522602841258049, 0.035642705857753754, 0.03595752641558647, 0.03587193414568901, 0.03643153980374336, 0.036329325288534164, 0.03575568646192551, 0.036210138350725174, 0.03591679781675339, 0.03599990904331207, 0.03519373759627342, 0.03566758707165718, 0.035526350140571594, 0.03529766947031021, 0.035573363304138184, 0.03562333434820175, 0.03563915938138962, 0.03641264885663986, 0.0356418639421463, 0.036154281347990036, 0.03672095388174057, 0.035176873207092285, 0.03567424789071083, 0.03609892725944519, 0.03614598140120506, 0.03602360934019089, 0.03642682731151581, 0.03557576611638069, 0.03625132516026497, 0.03513631597161293, 0.03613129258155823, 0.035964272916316986, 0.03627732768654823, 0.03619853034615517, 0.03576701134443283, 0.035744063556194305, 0.03686635568737984, 0.03632856905460358, 0.03658116236329079, 0.03607887402176857, 0.035891830921173096, 0.03605649247765541]",0.0343394055962562
16,0.1,8.0,root,"[64, 32, 16, 8, 4, 2, 1]",2,switch,10000,70.81,0.033122793,0.015916504,"[0, 1, 2, 3, 4, 5, 6, 7, 8, 9, 10, 20, 30, 40, 50, 60, 70, 80, 90, 100, 110, 120, 130, 140, 150, 160, 170, 180, 190, 200, 210, 220, 230, 240, 250, 260, 270, 280, 290, 300, 310, 320, 330, 340, 350, 360, 370, 380, 390, 400, 410, 420, 430, 440, 450, 460, 470, 480, 490, 500, 510, 520, 530, 540, 550, 560, 570, 580, 590, 600, 610, 620, 630, 640, 650, 660, 670, 680, 690, 700, 710, 720, 730, 740, 750, 760, 770, 780, 790, 800, 810, 820, 830, 840, 850, 860, 870, 880, 890, 900, 910, 920, 930, 940, 950, 960, 970, 980, 990, 1000, 1010, 1020, 1030, 1040, 1050, 1060, 1070, 1080, 1090, 1100, 1110, 1120, 1130, 1140, 1150, 1160, 1170, 1180, 1190, 1200, 1210, 1220, 1230, 1240, 1250, 1260, 1270, 1280, 1290, 1300, 1310, 1320, 1330, 1340, 1350, 1360, 1370, 1380, 1390, 1400, 1410, 1420, 1430, 1440, 1450, 1460, 1470, 1480, 1490, 1500, 1510, 1520, 1530, 1540, 1550, 1560, 1570, 1580, 1590, 1600, 1610, 1620, 1630, 1640, 1650, 1660, 1670, 1680, 1690, 1700, 1710, 1720, 1730, 1740, 1750, 1760, 1770, 1780, 1790, 1800, 1810, 1820, 1830, 1840, 1850, 1860, 1870, 1880, 1890, 1900, 1910, 1920, 1930, 1940, 1950, 1960, 1970, 1980, 1990, 2000, 2010, 2020, 2030, 2040, 2050, 2060, 2070, 2080, 2090, 2100, 2110, 2120, 2130, 2140, 2150, 2160, 2170, 2180, 2190, 2200, 2210, 2220, 2230, 2240, 2250, 2260, 2270, 2280, 2290, 2300, 2310, 2320, 2330, 2340, 2350, 2360, 2370, 2380, 2390, 2400, 2410, 2420, 2430, 2440, 2450, 2460, 2470, 2480, 2490, 2500, 2510, 2520, 2530, 2540, 2550, 2560, 2570, 2580, 2590, 2600, 2610, 2620, 2630, 2640, 2650, 2660, 2670, 2680, 2690, 2700, 2710, 2720, 2730, 2740, 2750, 2760, 2770, 2780, 2790, 2800, 2810, 2820, 2830, 2840, 2850, 2860, 2870, 2880, 2890, 2900, 2910, 2920, 2930, 2940, 2950, 2960, 2970, 2980, 2990, 3000, 3010, 3020, 3030, 3040, 3050, 3060, 3070, 3080, 3090, 3100, 3110, 3120, 3130, 3140, 3150, 3160, 3170, 3180, 3190, 3200, 3210, 3220, 3230, 3240, 3250, 3260, 3270, 3280, 3290, 3300, 3310, 3320, 3330, 3340, 3350, 3360, 3370, 3380, 3390, 3400, 3410, 3420, 3430, 3440, 3450, 3460, 3470, 3480, 3490, 3500, 3510, 3520, 3530, 3540, 3550, 3560, 3570, 3580, 3590, 3600, 3610, 3620, 3630, 3640, 3650, 3660, 3670, 3680, 3690, 3700, 3710, 3720, 3730, 3740, 3750, 3760, 3770, 3780, 3790, 3800, 3810, 3820, 3830, 3840, 3850, 3860, 3870, 3880, 3890, 3900, 3910, 3920, 3930, 3940, 3950, 3960, 3970, 3980, 3990, 4000, 4010, 4020, 4030, 4040, 4050, 4060, 4070, 4080, 4090, 4100, 4110, 4120, 4130, 4140, 4150, 4160, 4170, 4180, 4190, 4200, 4210, 4220, 4230, 4240, 4250, 4260, 4270, 4280, 4290, 4300, 4310, 4320, 4330, 4340, 4350, 4360, 4370, 4380, 4390, 4400, 4410, 4420, 4430, 4440, 4450, 4460, 4470, 4480, 4490, 4500, 4510, 4520, 4530, 4540, 4550, 4560, 4570, 4580, 4590, 4600, 4610, 4620, 4630, 4640, 4650, 4660, 4670, 4680, 4690, 4700, 4710, 4720, 4730, 4740, 4750, 4760, 4770, 4780, 4790, 4800, 4810, 4820, 4830, 4840, 4850, 4860, 4870, 4880, 4890, 4900, 4910, 4920, 4930, 4940, 4950, 4960, 4970, 4980, 4990, 5000, 5010, 5020, 5030, 5040, 5050, 5060, 5070, 5080, 5090, 5100, 5110, 5120, 5130, 5140, 5150, 5160, 5170, 5180, 5190, 5200, 5210, 5220, 5230, 5240, 5250, 5260, 5270, 5280, 5290, 5300, 5310, 5320, 5330, 5340, 5350, 5360, 5370, 5380, 5390, 5400, 5410, 5420, 5430, 5440, 5450, 5460, 5470, 5480, 5490, 5500, 5510, 5520, 5530, 5540, 5550, 5560, 5570, 5580, 5590, 5600, 5610, 5620, 5630, 5640, 5650, 5660, 5670, 5680, 5690, 5700, 5710, 5720, 5730, 5740, 5750, 5760, 5770, 5780, 5790, 5800, 5810, 5820, 5830, 5840, 5850, 5860, 5870, 5880, 5890, 5900, 5910, 5920, 5930, 5940, 5950, 5960, 5970, 5980, 5990, 6000, 6010, 6020, 6030, 6040, 6050, 6060, 6070, 6080, 6090, 6100, 6110, 6120, 6130, 6140, 6150, 6160, 6170, 6180, 6190, 6200, 6210, 6220, 6230, 6240, 6250, 6260, 6270, 6280, 6290, 6300, 6310, 6320, 6330, 6340, 6350, 6360, 6370, 6380, 6390, 6400, 6410, 6420, 6430, 6440, 6450, 6460, 6470, 6480, 6490, 6500, 6510, 6520, 6530, 6540, 6550, 6560, 6570, 6580, 6590, 6600, 6610, 6620, 6630, 6640, 6650, 6660, 6670, 6680, 6690, 6700, 6710, 6720, 6730, 6740, 6750, 6760, 6770, 6780, 6790, 6800, 6810, 6820, 6830, 6840, 6850, 6860, 6870, 6880, 6890, 6900, 6910, 6920, 6930, 6940, 6950, 6960, 6970, 6980, 6990, 7000, 7010, 7020, 7030, 7040, 7050, 7060, 7070, 7080, 7090, 7100, 7110, 7120, 7130, 7140, 7150, 7160, 7170, 7180, 7190, 7200, 7210, 7220, 7230, 7240, 7250, 7260, 7270, 7280, 7290, 7300, 7310, 7320, 7330, 7340, 7350, 7360, 7370, 7380, 7390, 7400, 7410, 7420, 7430, 7440, 7450, 7460, 7470, 7480, 7490, 7500, 7510, 7520, 7530, 7540, 7550, 7560, 7570, 7580, 7590, 7600, 7610, 7620, 7630, 7640, 7650, 7660, 7670, 7680, 7690, 7700, 7710, 7720, 7730, 7740, 7750, 7760, 7770, 7780, 7790, 7800, 7810, 7820, 7830, 7840, 7850, 7860, 7870, 7880, 7890, 7900, 7910, 7920, 7930, 7940, 7950, 7960, 7970, 7980, 7990, 8000, 8010, 8020, 8030, 8040, 8050, 8060, 8070, 8080, 8090, 8100, 8110, 8120, 8130, 8140, 8150, 8160, 8170, 8180, 8190, 8200, 8210, 8220, 8230, 8240, 8250, 8260, 8270, 8280, 8290, 8300, 8310, 8320, 8330, 8340, 8350, 8360, 8370, 8380, 8390, 8400, 8410, 8420, 8430, 8440, 8450, 8460, 8470, 8480, 8490, 8500, 8510, 8520, 8530, 8540, 8550, 8560, 8570, 8580, 8590, 8600, 8610, 8620, 8630, 8640, 8650, 8660, 8670, 8680, 8690, 8700, 8710, 8720, 8730, 8740, 8750, 8760, 8770, 8780, 8790, 8800, 8810, 8820, 8830, 8840, 8850, 8860, 8870, 8880, 8890, 8900, 8910, 8920, 8930, 8940, 8950, 8960, 8970, 8980, 8990, 9000, 9010, 9020, 9030, 9040, 9050, 9060, 9070, 9080, 9090, 9100, 9110, 9120, 9130, 9140, 9150, 9160, 9170, 9180, 9190, 9200, 9210, 9220, 9230, 9240, 9250, 9260, 9270, 9280, 9290, 9300, 9310, 9320, 9330, 9340, 9350, 9360, 9370, 9380, 9390, 9400, 9410, 9420, 9430, 9440, 9450, 9460, 9470, 9480, 9490, 9500, 9510, 9520, 9530, 9540, 9550, 9560, 9570, 9580, 9590, 9600, 9610, 9620, 9630, 9640, 9650, 9660, 9670, 9680, 9690, 9700, 9710, 9720, 9730, 9740, 9750, 9760, 9770, 9780, 9790, 9800, 9810, 9820, 9830, 9840, 9850, 9860, 9870, 9880, 9890, 9900, 9910, 9920, 9930, 9940, 9950, 9960, 9970, 9980, 9990]","[0.41077110171318054, 0.3743323087692261, 0.32729315757751465, 0.27552053332328796, 0.2175145298242569, 0.16321326792240143, 0.1226014494895935, 0.10808306187391281, 0.10070334374904633, 0.09459779411554337, 0.08897683769464493, 0.057879265397787094, 0.0532342866063118, 0.051481328904628754, 0.050612159073352814, 0.05000563710927963, 0.049561694264411926, 0.04914995655417442, 0.04882822930812836, 0.04857292026281357, 0.04825127124786377, 0.0480702705681324, 0.04787168279290199, 0.04766309633851051, 0.047580868005752563, 0.04724534600973129, 0.047110654413700104, 0.04686671122908592, 0.04679021239280701, 0.046587370336055756, 0.04637574404478073, 0.04616432636976242, 0.046126190572977066, 0.04586631432175636, 0.04585956037044525, 0.04563767835497856, 0.045489903539419174, 0.0452418178319931, 0.04505981504917145, 0.04487495869398117, 0.04484502226114273, 0.04456210881471634, 0.044452518224716187, 0.04432210326194763, 0.04409756138920784, 0.04407765716314316, 0.04392441734671593, 0.04391983523964882, 0.04358021169900894, 0.04354405403137207, 0.04344572871923447, 0.04323025420308113, 0.04309280589222908, 0.04311176761984825, 0.04283393174409866, 0.04279221594333649, 0.04259578883647919, 0.04257436469197273, 0.04242108017206192, 0.04238703101873398, 0.04219818487763405, 0.04234964773058891, 0.04212012514472008, 0.041916318237781525, 0.04200877621769905, 0.041857488453388214, 0.04188342019915581, 0.041804585605859756, 0.041344523429870605, 0.041541118174791336, 0.04142095521092415, 0.04128769412636757, 0.04155835509300232, 0.04140094667673111, 0.041281480342149734, 0.04101702943444252, 0.041408222168684006, 0.04135369509458542, 0.0409589521586895, 0.04057450592517853, 0.04100039601325989, 0.040967997163534164, 0.0408535897731781, 0.04078526794910431, 0.04061413183808327, 0.04028485342860222, 0.04094452038407326, 0.040754642337560654, 0.0407320037484169, 0.04051675274968147, 0.04053152725100517, 0.04033461585640907, 0.040229566395282745, 0.04005419835448265, 0.03983171656727791, 0.04102081432938576, 0.04033602401614189, 0.0401332825422287, 0.04001960903406143, 0.039932698011398315, 0.03973210230469704, 0.040611281991004944, 0.040007613599300385, 0.03982129693031311, 0.03978196904063225, 0.03970224782824516, 0.03967374190688133, 0.0396062470972538, 0.03957974910736084, 0.03958995267748833, 0.03967975452542305, 0.039678074419498444, 0.039555951952934265, 0.03946502506732941, 0.03936295956373215, 0.03927120193839073, 0.03927474096417427, 0.03976789861917496, 0.03930074721574783, 0.03924053534865379, 0.03928270936012268, 0.039089202880859375, 0.039056286215782166, 0.0391276478767395, 0.03902878612279892, 0.03899207338690758, 0.039017945528030396, 0.038938894867897034, 0.038948360830545425, 0.03923635557293892, 0.03903869166970253, 0.03927212208509445, 0.039202675223350525, 0.03911358118057251, 0.03899843990802765, 0.0389627069234848, 0.038898054510354996, 0.038752052932977676, 0.0388239249587059, 0.03870847821235657, 0.03866967186331749, 0.03873452544212341, 0.038591496646404266, 0.03865037485957146, 0.038619961589574814, 0.038483694195747375, 0.03850182890892029, 0.03849963843822479, 0.03852459788322449, 0.03848044201731682, 0.0384647510945797, 0.03831423446536064, 0.03831636160612106, 0.03839239105582237, 0.038350075483322144, 0.038247738033533096, 0.038234107196331024, 0.038315072655677795, 0.038231898099184036, 0.038285836577415466, 0.03823061287403107, 0.0380687490105629, 0.03848900645971298, 0.038237564265728, 0.03810590133070946, 0.0381300151348114, 0.03815067932009697, 0.03808865696191788, 0.03814258426427841, 0.03826774284243584, 0.0380806103348732, 0.03796503692865372, 0.03798111528158188, 0.03808007016777992, 0.03807329386472702, 0.03816767409443855, 0.03794683888554573, 0.03797700256109238, 0.038061629980802536, 0.038182735443115234, 0.038003452122211456, 0.03812144696712494, 0.03780149295926094, 0.03789613023400307, 0.0382804200053215, 0.03823983669281006, 0.03800065815448761, 0.03773638978600502, 0.03765510022640228, 0.03761306405067444, 0.037635646760463715, 0.037755709141492844, 0.037861041724681854, 0.037665218114852905, 0.03783353790640831, 0.03774357587099075, 0.037829846143722534, 0.038071196526288986, 0.03799521550536156, 0.03782946616411209, 0.03775994852185249, 0.03755167871713638, 0.03750088810920715, 0.03756636008620262, 0.0377177894115448, 0.03733948990702629, 0.037463441491127014, 0.037728648632764816, 0.03751678392291069, 0.03736776486039162, 0.03755717724561691, 0.037592798471450806, 0.037265487015247345, 0.03737664595246315, 0.03785402327775955, 0.037511974573135376, 0.03751382231712341, 0.0375240221619606, 0.037418950349092484, 0.03767562657594681, 0.03721144050359726, 0.037410490214824677, 0.037381283938884735, 0.03724853694438934, 0.03774134814739227, 0.037382256239652634, 0.03731604665517807, 0.03731006011366844, 0.03722173720598221, 0.03770425170660019, 0.03721038997173309, 0.03747283294796944, 0.03702643886208534, 0.0376068651676178, 0.037264589220285416, 0.03753266856074333, 0.03751474991440773, 0.03709257394075394, 0.037834834307432175, 0.037023600190877914, 0.03767583519220352, 0.03714140132069588, 0.03735307231545448, 0.037217989563941956, 0.03766245394945145, 0.03720458224415779, 0.037324823439121246, 0.03709807246923447, 0.037619855254888535, 0.03711334243416786, 0.03758442401885986, 0.037024371325969696, 0.037593305110931396, 0.036979224532842636, 0.03765839338302612, 0.03708157688379288, 0.03767182677984238, 0.03782493621110916, 0.03770750015974045, 0.03756997361779213, 0.03724631294608116, 0.03722159191966057, 0.03756437823176384, 0.03724413737654686, 0.03734354302287102, 0.03741162270307541, 0.0370967797935009, 0.03762191906571388, 0.0369902178645134, 0.03753051161766052, 0.03722130134701729, 0.037443678826093674, 0.03711049258708954, 0.037624578922986984, 0.03732752799987793, 0.03727823495864868, 0.03745701536536217, 0.03712477907538414, 0.037198349833488464, 0.03732629865407944, 0.037545062601566315, 0.037080153822898865, 0.037639979273080826, 0.03724503889679909, 0.037646520882844925, 0.03735426068305969, 0.03758574649691582, 0.03741360455751419, 0.03740377724170685, 0.037393148988485336, 0.03716404736042023, 0.03732821345329285, 0.03751886636018753, 0.03743010386824608, 0.037584271281957626, 0.03717793896794319, 0.037412870675325394, 0.037570808082818985, 0.03707566857337952, 0.03738470748066902, 0.03710288181900978, 0.03734120726585388, 0.037209656089544296, 0.03712526336312294, 0.03748199716210365, 0.03732481598854065, 0.03682803362607956, 0.03730843588709831, 0.03743157163262367, 0.03742477297782898, 0.03694895654916763, 0.03764909878373146, 0.037013180553913116, 0.03765861317515373, 0.03729460760951042, 0.037669386714696884, 0.03706337884068489, 0.03729836642742157, 0.03756324574351311, 0.03757820650935173, 0.03793474659323692, 0.03720586374402046, 0.037536948919296265, 0.03761063888669014, 0.03735404089093208, 0.037480778992176056, 0.03769132122397423, 0.0373031385242939, 0.037390608340501785, 0.03776928782463074, 0.03786475956439972, 0.03754336014389992, 0.03700795769691467, 0.03732505440711975, 0.03762248903512955, 0.03767974302172661, 0.03764444589614868, 0.037815988063812256, 0.037579495459795, 0.037869714200496674, 0.03742481395602226, 0.037458598613739014, 0.03816382586956024, 0.03778424113988876, 0.037669286131858826, 0.03714980185031891, 0.037543151527643204, 0.03711986169219017, 0.03731384128332138, 0.03708234801888466, 0.03704800084233284, 0.03746223822236061, 0.03680301085114479, 0.037272244691848755, 0.037808459252119064, 0.03765182942152023, 0.03750970587134361, 0.03724868968129158, 0.03722521290183067, 0.03718024492263794, 0.03724679723381996, 0.037349868565797806, 0.03740856051445007, 0.037392161786556244, 0.03732240945100784, 0.03728891909122467, 0.03773772343993187, 0.037367675453424454, 0.037704043090343475, 0.03776107728481293, 0.03787900134921074, 0.03781289607286453, 0.03810715302824974, 0.038157954812049866, 0.038213688880205154, 0.03847719356417656, 0.03735671564936638, 0.037613581866025925, 0.037479646503925323, 0.03727702796459198, 0.037280455231666565, 0.037324778735637665, 0.037582430988550186, 0.037867072969675064, 0.03795214742422104, 0.039501551538705826, 0.03732664883136749, 0.03784390166401863, 0.037486471235752106, 0.03723001107573509, 0.03698577731847763, 0.036955978721380234, 0.03729243576526642, 0.03700176253914833, 0.037267252802848816, 0.0374196358025074, 0.036850329488515854, 0.0376642569899559, 0.03714540973305702, 0.03708759322762489, 0.03749644011259079, 0.037412095814943314, 0.037464480847120285, 0.037432361394166946, 0.037534598261117935, 0.037518877536058426, 0.03755894675850868, 0.037504199892282486, 0.03742334619164467, 0.03738030046224594, 0.037189748138189316, 0.03697952628135681, 0.03763537481427193, 0.037314482033252716, 0.037252672016620636, 0.0371386781334877, 0.03681517764925957, 0.03711456432938576, 0.03741900622844696, 0.03785961866378784, 0.03720387443900108, 0.037026021629571915, 0.03709857538342476, 0.03725145384669304, 0.03803126513957977, 0.03732810914516449, 0.0374227799475193, 0.03739633038640022, 0.0375964418053627, 0.0375923290848732, 0.03746301680803299, 0.037358615547418594, 0.037472017109394073, 0.037404339760541916, 0.03728296235203743, 0.03742700070142746, 0.03739827871322632, 0.037293609231710434, 0.0372857041656971, 0.03737976402044296, 0.037219349294900894, 0.03712528198957443, 0.03701869770884514, 0.0372062548995018, 0.03738139197230339, 0.037490226328372955, 0.037513069808483124, 0.03749826177954674, 0.037429217249155045, 0.037355806678533554, 0.03737735375761986, 0.037371329963207245, 0.03730378299951553, 0.03712735325098038, 0.037001702934503555, 0.037191398441791534, 0.03722165897488594, 0.037585970014333725, 0.03739362210035324, 0.037193119525909424, 0.037225186824798584, 0.03717593103647232, 0.037248868495225906, 0.03723205626010895, 0.03716572746634483, 0.03724808990955353, 0.03720330819487572, 0.03724249452352524, 0.03730908781290054, 0.03741343691945076, 0.03750542923808098, 0.03742477297782898, 0.03784654662013054, 0.03746926784515381, 0.037649091333150864, 0.037233006209135056, 0.03779379650950432, 0.037777453660964966, 0.03777119144797325, 0.03777901083230972, 0.037802912294864655, 0.03759952634572983, 0.03813626617193222, 0.037649527192115784, 0.03747495636343956, 0.037554726004600525, 0.03729616850614548, 0.03744259476661682, 0.03739726543426514, 0.037385568022727966, 0.03760170191526413, 0.038176827132701874, 0.03800748288631439, 0.03797381371259689, 0.03757598251104355, 0.037455931305885315, 0.03772258013486862, 0.03752785921096802, 0.03777825087308884, 0.03816714510321617, 0.03765147179365158, 0.03799118846654892, 0.037646759301424026, 0.03772978112101555, 0.03755888715386391, 0.038006491959095, 0.03742968663573265, 0.03775162994861603, 0.037785742431879044, 0.037562429904937744, 0.03764806315302849, 0.037575863301754, 0.03761543706059456, 0.03750934451818466, 0.03754653036594391, 0.037403494119644165, 0.037446003407239914, 0.03736352548003197, 0.037340182811021805, 0.03730437904596329, 0.0374111607670784, 0.037477631121873856, 0.03768448159098625, 0.037792813032865524, 0.03763291612267494, 0.03738836571574211, 0.0374433770775795, 0.037612251937389374, 0.0379670113325119, 0.03763946145772934, 0.03743630275130272, 0.037385281175374985, 0.03742457553744316, 0.037428706884384155, 0.03756607696413994, 0.03767434507608414, 0.0375644825398922, 0.03740687295794487, 0.038779184222221375, 0.037683725357055664, 0.03759343922138214, 0.03758157044649124, 0.03778867796063423, 0.03775693103671074, 0.03782320395112038, 0.037861116230487823, 0.037798743695020676, 0.037761155515909195, 0.037558071315288544, 0.03744635730981827, 0.03785286471247673, 0.037833619862794876, 0.03785015642642975, 0.03779478371143341, 0.03784743696451187, 0.03796309977769852, 0.03817835822701454, 0.03772326558828354, 0.039840761572122574, 0.03803510218858719, 0.037924524396657944, 0.03826207295060158, 0.037918537855148315, 0.03804156929254532, 0.03785578906536102, 0.03795727714896202, 0.037823986262083054, 0.0382603220641613, 0.03783649951219559, 0.0378345362842083, 0.0384487621486187, 0.038080256432294846, 0.03818674758076668, 0.03805869072675705, 0.03779396787285805, 0.03733654320240021, 0.03742469847202301, 0.037556011229753494, 0.03747507557272911, 0.03756485879421234, 0.037522513419389725, 0.0375722274184227, 0.037466250360012054, 0.03733251243829727, 0.037534479051828384, 0.037709761410951614, 0.03761487826704979, 0.03792750835418701, 0.03729739412665367, 0.03733239322900772, 0.03763820603489876, 0.037553828209638596, 0.03736000135540962, 0.037490349262952805, 0.03764321655035019, 0.038233328610658646, 0.0386982262134552, 0.03751915693283081, 0.03801766410470009, 0.037644218653440475, 0.037832096219062805, 0.038246870040893555, 0.037736162543296814, 0.03764406591653824, 0.03778158500790596, 0.03734523057937622, 0.037500474601984024, 0.03754176199436188, 0.03714901953935623, 0.03856872394680977, 0.03780185058712959, 0.03756247088313103, 0.0373702198266983, 0.03742969036102295, 0.037357453256845474, 0.03725387156009674, 0.03708979859948158, 0.037211015820503235, 0.03758866339921951, 0.03731002286076546, 0.03748133406043053, 0.03720712661743164, 0.037044186145067215, 0.037339597940444946, 0.0371803380548954, 0.0373072549700737, 0.0376349538564682, 0.03806162253022194, 0.037426888942718506, 0.03712030500173569, 0.03720957413315773, 0.037321895360946655, 0.03737405687570572, 0.037347204983234406, 0.03750563785433769, 0.037415292114019394, 0.0375370979309082, 0.03741563484072685, 0.03723691776394844, 0.03715629130601883, 0.03744499385356903, 0.0374392494559288, 0.03742556646466255, 0.03742753714323044, 0.03739309683442116, 0.03747670352458954, 0.03756232187151909, 0.03757857903838158, 0.037475306540727615, 0.037304531782865524, 0.03729991242289543, 0.03745189681649208, 0.03737514838576317, 0.03729330375790596, 0.03848797082901001, 0.03755643963813782, 0.03762247785925865, 0.03734973073005676, 0.0376211479306221, 0.03780157491564751, 0.03773888573050499, 0.03786304593086243, 0.038285620510578156, 0.038602493703365326, 0.037259068340063095, 0.037481360137462616, 0.03742527589201927, 0.03754753991961479, 0.03752549737691879, 0.037539128214120865, 0.037485215812921524, 0.03733370453119278, 0.037022776901721954, 0.037144508212804794, 0.037427470088005066, 0.03740635886788368, 0.037498168647289276, 0.03742871433496475, 0.03734913095831871, 0.0372716449201107, 0.03744275122880936, 0.03762193024158478, 0.037485521286726, 0.037246182560920715, 0.03717038035392761, 0.03719137981534004, 0.03709173575043678, 0.03744855150580406, 0.037821173667907715, 0.03733750805258751, 0.037365105003118515, 0.037358466535806656, 0.03747576102614403, 0.03728397935628891, 0.03711630776524544, 0.03748554736375809, 0.03737166151404381, 0.037313759326934814, 0.037539150565862656, 0.03789975494146347, 0.038936641067266464, 0.03763718530535698, 0.037446364760398865, 0.03748876973986626, 0.03761305660009384, 0.03753622621297836, 0.03740445896983147, 0.03756637126207352, 0.03747972100973129, 0.037348635494709015, 0.03744025155901909, 0.03811095654964447, 0.037362754344940186, 0.03782837092876434, 0.03732626512646675, 0.03752655163407326, 0.03752054274082184, 0.03698522597551346, 0.037878647446632385, 0.03732040524482727, 0.037307996302843094, 0.037435516715049744, 0.03757095709443092, 0.03757065162062645, 0.03761720657348633, 0.03773431479930878, 0.03769848123192787, 0.037395745515823364, 0.037501540035009384, 0.03754871338605881, 0.03750300407409668, 0.03773782402276993, 0.03755640611052513, 0.03763141110539436, 0.03775441646575928, 0.03764379397034645, 0.03770256042480469, 0.037448685616254807, 0.03751373291015625, 0.03757048398256302, 0.037670597434043884, 0.037759505212306976, 0.03799287602305412, 0.038212962448596954, 0.03779998794198036, 0.037723466753959656, 0.037425532937049866, 0.03736909478902817, 0.037726856768131256, 0.03750038146972656, 0.03763570636510849, 0.03776967152953148, 0.03749220818281174, 0.037424203008413315, 0.037805039435625076, 0.03837451711297035, 0.037943996489048004, 0.03878691419959068, 0.03744100034236908, 0.0374252051115036, 0.03740845248103142, 0.03762700781226158, 0.037393853068351746, 0.03743784502148628, 0.037517983466386795, 0.03750680387020111, 0.037656791508197784, 0.03766464814543724, 0.037605706602334976, 0.037754323333501816, 0.03784998133778572, 0.03720923885703087, 0.03727472200989723, 0.03734086826443672, 0.03736799955368042, 0.037528954446315765, 0.03753909468650818, 0.0376008115708828, 0.03752180561423302, 0.03723533824086189, 0.037172336131334305, 0.03722703829407692, 0.03748484328389168, 0.03748197481036186, 0.0375412218272686, 0.037477608770132065, 0.037642285227775574, 0.03760654479265213, 0.03739593178033829, 0.03747944533824921, 0.03780912235379219, 0.0378233939409256, 0.03737621754407883, 0.03777537867426872, 0.03738202899694443, 0.0378144346177578, 0.037438686937093735, 0.037700168788433075, 0.03822781890630722, 0.037473130971193314, 0.03750888258218765, 0.03742331638932228, 0.03738752752542496, 0.0373673252761364, 0.037603169679641724, 0.03760910406708717, 0.03760460764169693, 0.03740343078970909, 0.03770765662193298, 0.037581562995910645, 0.03717689588665962, 0.03757316619157791, 0.03710431233048439, 0.037159815430641174, 0.037213489413261414, 0.03761997073888779, 0.03729931265115738, 0.03734055161476135, 0.037371620535850525, 0.037549059838056564, 0.03743363544344902, 0.037344444543123245, 0.03749298304319382, 0.037427980452775955, 0.03748403117060661, 0.037605613470077515, 0.037601206451654434, 0.03768794238567352, 0.037673644721508026, 0.037451937794685364, 0.03727836534380913, 0.03731037303805351, 0.03744009882211685, 0.03731974959373474, 0.037387482821941376, 0.03725280612707138, 0.037251975387334824, 0.03745425119996071, 0.03731897100806236, 0.037234116345644, 0.037227828055620193, 0.03726138547062874, 0.03732486441731453, 0.03737707436084747, 0.03747539222240448, 0.037381500005722046, 0.037553176283836365, 0.037938810884952545, 0.037951383739709854, 0.037731435149908066, 0.03751805052161217, 0.03765952214598656, 0.03762185201048851, 0.03741077706217766, 0.03739672526717186, 0.0373414047062397, 0.03724467381834984, 0.03751777112483978, 0.03726130723953247, 0.03751416876912117, 0.037404775619506836, 0.0372278057038784, 0.03749890998005867, 0.036897215992212296, 0.03754633665084839, 0.037644218653440475, 0.03778592869639397, 0.03750617802143097, 0.03744664788246155, 0.037947893142700195, 0.03780723363161087, 0.037524789571762085, 0.03781721740961075, 0.03806035593152046, 0.037684738636016846, 0.03771297633647919, 0.03781197592616081, 0.0381358377635479, 0.037680305540561676, 0.03786509856581688, 0.037419285625219345, 0.03732902184128761, 0.037888966500759125, 0.0371517650783062, 0.03803433105349541, 0.03718613460659981, 0.03747754544019699, 0.03731669485569, 0.03727888688445091, 0.03741885721683502, 0.03771398961544037, 0.03731457516551018, 0.03724413737654686, 0.03728795051574707, 0.0374549925327301, 0.03796473145484924, 0.03727630898356438, 0.037515509873628616, 0.038621287792921066, 0.037448491901159286, 0.03756679594516754, 0.03839026391506195, 0.037246499210596085, 0.037474602460861206, 0.03748135641217232, 0.037632644176483154, 0.03744727745652199, 0.03741681948304176, 0.03730722516775131, 0.03746052086353302, 0.03748241439461708, 0.03759551793336868, 0.037414368242025375, 0.037520576268434525, 0.03743918240070343, 0.03764709457755089, 0.037649400532245636, 0.0375814326107502, 0.03760119900107384, 0.03743359073996544, 0.03749862685799599, 0.03736463561654091, 0.03740963339805603, 0.03726188838481903, 0.03735203668475151, 0.03871186822652817, 0.03764225170016289, 0.0375058650970459, 0.03750598803162575, 0.03756003826856613, 0.037345487624406815, 0.03743378445506096, 0.03765216842293739, 0.03771350905299187, 0.03747793659567833, 0.037449151277542114, 0.03781312331557274, 0.03780842199921608, 0.03770923614501953, 0.03776878863573074, 0.03788818046450615, 0.038009658455848694, 0.0379556342959404, 0.03792845457792282, 0.03734688088297844, 0.037707842886447906, 0.03780002519488335, 0.037792403250932693, 0.03740458935499191, 0.03783300518989563, 0.037771258503198624, 0.03788380324840546, 0.037837423384189606, 0.037602365016937256, 0.037514057010412216, 0.03749339282512665, 0.03759857267141342, 0.03817538172006607, 0.03770478442311287, 0.03788842260837555, 0.037948161363601685, 0.03741488233208656, 0.03770439326763153, 0.03789100423455238, 0.03779341280460358, 0.03763556480407715, 0.03788284957408905, 0.03831703960895538, 0.037957578897476196, 0.03770187497138977, 0.038127873092889786, 0.03795260936021805, 0.03807302936911583, 0.03774258494377136, 0.03780185803771019, 0.0381007082760334, 0.03819212317466736, 0.038205862045288086, 0.03815625607967377, 0.037732068449258804, 0.03766939416527748, 0.03779815882444382, 0.03817405179142952, 0.03788014128804207, 0.03794312849640846, 0.03796851634979248, 0.03825743868947029, 0.03820770978927612, 0.03833906352519989, 0.03813553228974342, 0.03827722370624542, 0.038667332381010056, 0.03782249987125397, 0.03796400502324104, 0.03819376230239868, 0.038263797760009766, 0.03828861936926842, 0.037635207176208496, 0.03775886073708534, 0.0385332889854908, 0.03766641020774841, 0.03779972717165947, 0.03769095242023468, 0.0376080758869648, 0.03775757551193237, 0.03861454129219055, 0.037695035338401794, 0.037667397409677505, 0.03781171888113022]",0.03679134324193001
